First Name,Last Name,URL,Email Address,Company,Position,Connected On
Saurabh,Sharma,https://www.linkedin.com/in/saurabh-17242263,,Oracle,Consulting Member of Technical Staff,06 Aug 2025
Priya,Patel,https://www.linkedin.com/in/priya-patel-12345678,,Google,Software Engineer,15 Jul 2024
Amit,Verma,https://www.linkedin.com/in/amit-verma-87654321,,Microsoft,Product Manager,22 Mar 2023
Riya,Gupta,https://www.linkedin.com/in/riya-gupta-23456789,,Amazon,Data Scientist,10 Jan 2022
John,Doe,https://www.linkedin.com/in/john-doe-98765432,,Meta,UX Designer,05 Sep 2021
Meera,Joshi,https://www.linkedin.com/in/meera-joshi-34567890,,Deloitte,Consultant,18 Nov 2020
Raj,Kapoor,https://www.linkedin.com/in/raj-kapoor-45678901,,Apple,Hardware Engineer,27 May 2019
Anjali,Mehta,https://www.linkedin.com/in/anjali-mehta-56789012,,Uber,Operations Manager,13 Feb 2018
Vikram,Desai,https://www.linkedin.com/in/vikram-desai-67890123,,Airbnb,Marketing Lead,30 Jun 2017
Sara,Ali,https://www.linkedin.com/in/sara-ali-78901234,,Walmart,Supply Chain Analyst,21 Dec 2016
Michael,Smith,https://www.linkedin.com/in/michael-smith-23456789,,LinkedIn,Data Engineer,12 Oct 2023
Jessica,Jones,https://www.linkedin.com/in/jessica-jones-34567890,,Salesforce,Account Executive,23 Sep 2023
Robert,Brown,https://www.linkedin.com/in/robert-brown-45678901,,IBM,Cloud Architect,05 Aug 2023
Emily,Davis,https://www.linkedin.com/in/emily-davis-56789012,,Oracle,Database Administrator,17 Jul 2023
Daniel,Garcia,https://www.linkedin.com/in/daniel-garcia-67890123,,Cisco,Network Engineer,29 Jun 2023
Sophia,Martinez,https://www.linkedin.com/in/sophia-martinez-78901234,,Intel,Hardware Engineer,10 May 2023
James,Lopez,https://www.linkedin.com/in/james-lopez-89012345,,Nvidia,Software Engineer,22 Apr 2023
Olivia,Hernandez,https://www.linkedin.com/in/olivia-hernandez-90123456,,Qualcomm,Product Manager,03 Mar 2023
William,Wilson,https://www.linkedin.com/in/william-wilson-01234567,,Adobe,UX Designer,15 Feb 2023
Isabella,Anderson,https://www.linkedin.com/in/isabella-anderson-12345678,,Spotify,Data Scientist,28 Jan 2023
Ethan,Thomas,https://www.linkedin.com/in/ethan-thomas-23456789,,Snap,Marketing Specialist,10 Dec 2022
Mia,Taylor,https://www.linkedin.com/in/mia-taylor-34567890,,Pinterest,Content Strategist,22 Nov 2022
Alexander,Moore,https://www.linkedin.com/in/alexander-moore-45678901,,Yahoo,Software Engineer,04 Oct 2022
Charlotte,Jackson,https://www.linkedin.com/in/charlotte-jackson-56789012,,Netflix,Product Designer,16 Sep 2022
Benjamin,White,https://www.linkedin.com/in/benjamin-white-67890123,,Tesla,Electrical Engineer,28 Aug 2022
Amelia,Harris,https://www.linkedin.com/in/amelia-harris-78901234,,SpaceX,Aerospace Engineer,09 Jul 2022
Lucas,Martin,https://www.linkedin.com/in/lucas-martin-89012345,,Lyft,Data Analyst,21 Jun 2022
Harper,Thompson,https://www.linkedin.com/in/harper-thompson-90123456,,Slack,Sales Manager,02 May 2022
Henry,García,https://www.linkedin.com/in/henry-garcía-01234567,,Trello,Project Manager,14 Apr 2022
Ella,Martinez,https://www.linkedin.com/in/ella-martinez-12345678,,Canva,Graphic Designer,26 Mar 2022
Sebastian,Robinson,https://www.linkedin.com/in/sebastian-robinson-23456789,,Dropbox,DevOps Engineer,07 Feb 2022
Avery,Clark,https://www.linkedin.com/in/avery-clark-34567890,,Zoom,IT Support Specialist,19 Jan 2022
Jack,Rodriguez,https://www.linkedin.com/in/jack-rodriguez-45678901,,Coursera,Learning Experience Designer,03 Dec 2021
Scarlett,Lewis,https://www.linkedin.com/in/scarlett-lewis-56789012,,Udacity,Data Scientist,15 Nov 2021
Owen,Lee,https://www.linkedin.com/in/owen-lee-67890123,,Kaggle,Community Manager,27 Oct 2021
Chloe,Walker,https://www.linkedin.com/in/chloe-walker-78901234,,HackerRank,Technical Writer,08 Sep 2021
Gabriel,Hall,https://www.linkedin.com/in/gabriel-hall-89012345,,LeetCode,Software Engineer,20 Aug 2021
Lily,Allen,https://www.linkedin.com/in/lily-allen-90123456,,Codewars,Full Stack Developer,01 Jul 2021
Matthew,Young,https://www.linkedin.com/in/matthew-young-01234567,,GitHub,Open Source Advocate,13 Jun 2021
Sofia,Hernandez,https://www.linkedin.com/in/sofia-hernandez-12345678,,Bitbucket,Software Engineer,25 May 2021
Jackson,King,https://www.linkedin.com/in/jackson-king-23456789,,SourceForge,Project Manager,06 Apr 2021
Grace,Wright,https://www.linkedin.com/in/grace-wright-34567890,,GitLab,DevOps Engineer,18 Mar 2021
Ryan,Scott,https://www.linkedin.com/in/ryan-scott-45678901,,Asana,Product Manager,30 Jan 2021
Zoe,Green,https://www.linkedin.com/in/zoe-green-56789012,,Monday.com,Marketing Specialist,11 Dec 2020
Nathan,Adams,https://www.linkedin.com/in/nathan-adams-67890123,,Airtable,Data Analyst,23 Nov 2020
Victoria,Baker,https://www.linkedin.com/in/victoria-baker-78901234,,Notion,UX Designer,05 Oct 2020
Dylan,Hall,https://www.linkedin.com/in/dylan-hall-89012345,,Evernote,Software Engineer,17 Sep 2020
Aria,Allen,https://www.linkedin.com/in/aria-allen-90123456,,Todoist,Product Designer,29 Aug 2020
Luke,Young,https://www.linkedin.com/in/luke-young-01234567,,Slack,Sales Executive,10 Jul 2020
Liam,Martinez,https://www.linkedin.com/in/liam-martinez-12345678,,Zoom,Customer Success Manager,22 Jun 2020
Mason,Robinson,https://www.linkedin.com/in/mason-robinson-23456789,,Dropbox,Data Scientist,04 May 2020
Logan,Clark,https://www.linkedin.com/in/logan-clark-34567890,,Coursera,Content Writer,16 Apr 2020
Lucas,Lee,https://www.linkedin.com/in/lucas-lee-45678901,,Udemy,Software Engineer,28 Mar 2020
Oliver,Walker,https://www.linkedin.com/in/oliver-walker-56789012,,KhanAcademy,Community Manager,09 Feb 2020
Elijah,Hall,https://www.linkedin.com/in/elijah-hall-67890123,,Codecademy,Technical Writer,21 Jan 2020
James,King,https://www.linkedin.com/in/james-king-78901234,,LinkedIn,Data Engineer,02 Dec 2019
Benjamin,Lee,https://www.linkedin.com/in/benjamin-lee-89012345,,Salesforce,Account Executive,14 Nov 2019
Lucas,Garcia,https://www.linkedin.com/in/lucas-garcia-90123456,,IBM,Cloud Architect,26 Oct 2019
Henry,Martinez,https://www.linkedin.com/in/henry-martinez-01234567,,Oracle,Database Administrator,07 Sep 2019
Alexander,Lopez,https://www.linkedin.com/in/alexander-lopez-12345678,,Cisco,Network Engineer,19 Aug 2019
Daniel,Wilson,https://www.linkedin.com/in/daniel-wilson-23456789,,Intel,Hardware Engineer,01 Jul 2019
Matthew,Anderson,https://www.linkedin.com/in/matthew-anderson-34567890,,Nvidia,Software Engineer,13 Jun 2019
David,Thomas,https://www.linkedin.com/in/david-thomas-45678901,,Qualcomm,Product Manager,25 May 2019
Joseph,Jackson,https://www.linkedin.com/in/joseph-jackson-56789012,,Adobe,UX Designer,06 Apr 2019
Samuel,White,https://www.linkedin.com/in/samuel-white-67890123,,Spotify,Data Scientist,18 Mar 2019
Gabriel,Thompson,https://www.linkedin.com/in/gabriel-thompson-78901234,,Snap,Marketing Specialist,30 Jan 2019
Carter,Lee,https://www.linkedin.com/in/carter-lee-89012345,,Pinterest,Content Strategist,12 Dec 2018
Wyatt,Hall,https://www.linkedin.com/in/wyatt-hall-90123456,,Yahoo,Software Engineer,24 Nov 2018
Jack,Young,https://www.linkedin.com/in/jack-young-01234567,,Netflix,Product Designer,05 Oct 2018
Luke,Martinez,https://www.linkedin.com/in/luke-martinez-12345678,,Tesla,Electrical Engineer,17 Sep 2018
Ryan,Robinson,https://www.linkedin.com/in/ryan-robinson-23456789,,SpaceX,Aerospace Engineer,29 Aug 2018
Dylan,Clark,https://www.linkedin.com/in/dylan-clark-34567890,,Lyft,Data Analyst,10 Jul 2018
Mason,Walker,https://www.linkedin.com/in/mason-walker-45678901,,Slack,Sales Manager,22 Jun 2018
Logan,Thompson,https://www.linkedin.com/in/logan-thompson-56789012,,Trello,Project Manager,03 May 2018
James,Garcia,https://www.linkedin.com/in/james-garcia-67890123,,Canva,Graphic Designer,15 Apr 2018
Benjamin,Martinez,https://www.linkedin.com/in/benjamin-martinez-78901234,,Dropbox,DevOps Engineer,27 Feb 2018
Elijah,Anderson,https://www.linkedin.com/in/elijah-anderson-89012345,,Zoom,IT Support Specialist,10 Jan 2018
Isaac,Robinson,https://www.linkedin.com/in/isaac-robinson-90123456,,Coursera,Learning Experience Designer,22 Dec 2017
Gabriel,Lee,https://www.linkedin.com/in/gabriel-lee-01234567,,Udacity,Data Scientist,04 Nov 2017
Samuel,King,https://www.linkedin.com/in/samuel-king-12345678,,Kaggle,Community Manager,16 Oct 2017
David,Jackson,https://www.linkedin.com/in/david-jackson-23456789,,HackerRank,Technical Writer,28 Sep 2017
Matthew,Martinez,https://www.linkedin.com/in/matthew-martinez-34567890,,LeetCode,Software Engineer,10 Aug 2017
Joseph,Wilson,https://www.linkedin.com/in/joseph-wilson-45678901,,GitHub,Open Source Advocate,22 Jul 2017
Daniel,Thomas,https://www.linkedin.com/in/daniel-thomas-56789012,,Bitbucket,Software Engineer,03 Jun 2017
Henry,Anderson,https://www.linkedin.com/in/henry-anderson-67890123,,SourceForge,Project Manager,15 May 2017
Alexander,Robinson,https://www.linkedin.com/in/alexander-robinson-78901234,,GitLab,DevOps Engineer,27 Apr 2017
Lucas,Clark,https://www.linkedin.com/in/lucas-clark-89012345,,Asana,Product Manager,09 Mar 2017
Ryan,Lee,https://www.linkedin.com/in/ryan-lee-90123456,,Monday.com,Marketing Specialist,21 Feb 2017
Elijah,Hall,https://www.linkedin.com/in/elijah-hall-01234567,,Airtable,Data Analyst,04 Jan 2017
James,Young,https://www.linkedin.com/in/james-young-12345678,,Notion,UX Designer,16 Dec 2016
Benjamin,Martinez,https://www.linkedin.com/in/benjamin-martinez-23456789,,Evernote,Software Engineer,28 Nov 2016
Lucas,Robinson,https://www.linkedin.com/in/lucas-robinson-34567890,,Todoist,Product Designer,10 Oct 2016
Henry,Clark,https://www.linkedin.com/in/henry-clark-45678901,,Slack,Sales Executive,22 Sep 2016
Mason,Lee,https://www.linkedin.com/in/mason-lee-56789012,,Zoom,Customer Success Manager,04 Aug 2016
Logan,Walker,https://www.linkedin.com/in/logan-walker-67890123,,Dropbox,Data Scientist,16 Jul 2016
Dylan,Thompson,https://www.linkedin.com/in/dylan-thompson-78901234,,Coursera,Content Writer,28 Jun 2016
Ryan,Garcia,https://www.linkedin.com/in/ryan-garcia-89012345,,Udemy,Software Engineer,10 May 2016
Samuel,Martinez,https://www.linkedin.com/in/samuel-martinez-90123456,,KhanAcademy,Community Manager,22 Apr 2016
Gabriel,Hall,https://www.linkedin.com/in/gabriel-hall-01234567,,Codecademy,Technical Writer,04 Mar 2016
Isaac,Anderson,https://www.linkedin.com/in/isaac-anderson-12345678,,LinkedIn,Data Engineer,16 Feb 2016
Matthew,Wilson,https://www.linkedin.com/in/matthew-wilson-23456789,,Salesforce,Account Executive,29 Jan 2016
David,Lopez,https://www.linkedin.com/in/david-lopez-34567890,,IBM,Cloud Architect,11 Dec 2015
Joseph,Martinez,https://www.linkedin.com/in/joseph-martinez-45678901,,Oracle,Database Administrator,23 Nov 2015
Daniel,Garcia,https://www.linkedin.com/in/daniel-garcia-56789012,,Cisco,Network Engineer,05 Oct 2015
Henry,Anderson,https://www.linkedin.com/in/henry-anderson-67890123,,Intel,Hardware Engineer,17 Sep 2015
Alexander,Robinson,https://www.linkedin.com/in/alexander-robinson-78901234,,Nvidia,Software Engineer,30 Aug 2015
Lucas,Clark,https://www.linkedin.com/in/lucas-clark-89012345,,Qualcomm,Product Manager,11 Jul 2015
Ryan,Lee,https://www.linkedin.com/in/ryan-lee-90123456,,Adobe,UX Designer,24 Jun 2015
Elijah,Hall,https://www.linkedin.com/in/elijah-hall-01234567,,Spotify,Data Scientist,06 May 2015
James,King,https://www.linkedin.com/in/james-king-12345678,,Snap,Marketing Specialist,18 Apr 2015
Benjamin,Martinez,https://www.linkedin.com/in/benjamin-martinez-23456789,,Pinterest,Content Strategist,30 Mar 2015
Lucas,Robinson,https://www.linkedin.com/in/lucas-robinson-34567890,,Yahoo,Software Engineer,11 Feb 2015
Henry,Clark,https://www.linkedin.com/in/henry-clark-45678901,,Netflix,Product Designer,25 Jan 2015
Mason,Lee,https://www.linkedin.com/in/mason-lee-56789012,,Tesla,Electrical Engineer,07 Dec 2014
Logan,Walker,https://www.linkedin.com/in/logan-walker-67890123,,SpaceX,Aerospace Engineer,19 Nov 2014
Dylan,Thompson,https://www.linkedin.com/in/dylan-thompson-78901234,,Lyft,Data Analyst,01 Oct 2014
Ryan,Garcia,https://www.linkedin.com/in/ryan-garcia-89012345,,Slack,Sales Manager,13 Sep 2014
Samuel,Martinez,https://www.linkedin.com/in/samuel-martinez-90123456,,Trello,Project Manager,25 Aug 2014
Gabriel,Hall,https://www.linkedin.com/in/gabriel-hall-01234567,,Canva,Graphic Designer,06 Jul 2014
Isaac,Anderson,https://www.linkedin.com/in/isaac-anderson-12345678,,Dropbox,DevOps Engineer,18 Jun 2014
Matthew,Wilson,https://www.linkedin.com/in/matthew-wilson-23456789,,Zoom,IT Support Specialist,30 May 2014
David,Lopez,https://www.linkedin.com/in/david-lopez-34567890,,Coursera,Learning Experience Designer,11 Apr 2014
Joseph,Martinez,https://www.linkedin.com/in/joseph-martinez-45678901,,Udacity,Data Scientist,23 Mar 2014
Daniel,Garcia,https://www.linkedin.com/in/daniel-garcia-56789012,,Kaggle,Community Manager,04 Feb 2014
Henry,Anderson,https://www.linkedin.com/in/henry-anderson-67890123,,HackerRank,Technical Writer,16 Jan 2014
Alexander,Robinson,https://www.linkedin.com/in/alexander-robinson-78901234,,LeetCode,Software Engineer,28 Dec 2013
Lucas,Clark,https://www.linkedin.com/in/lucas-clark-89012345,,GitHub,Open Source Advocate,10 Nov 2013
Ryan,Lee,https://www.linkedin.com/in/ryan-lee-90123456,,Bitbucket,Software Engineer,22 Oct 2013
Elijah,Hall,https://www.linkedin.com/in/elijah-hall-01234567,,SourceForge,Project Manager,03 Sep 2013
James,King,https://www.linkedin.com/in/james-king-12345678,,GitLab,DevOps Engineer,15 Aug 2013
Benjamin,Martinez,https://www.linkedin.com/in/benjamin-martinez-23456789,,Asana,Product Manager,27 Jul 2013
Lucas,Robinson,https://www.linkedin.com/in/lucas-robinson-34567890,,Monday.com,Marketing Specialist,08 Jun 2013
Henry,Clark,https://www.linkedin.com/in/henry-clark-45678901,,Airtable,Data Analyst,20 May 2013
Mason,Lee,https://www.linkedin.com/in/mason-lee-56789012,,Notion,UX Designer,01 Apr 2013
Logan,Walker,https://www.linkedin.com/in/logan-walker-67890123,,Evernote,Software Engineer,13 Mar 2013
Dylan,Thompson,https://www.linkedin.com/in/dylan-thompson-78901234,,Todoist,Product Designer,25 Feb 2013
Ryan,Garcia,https://www.linkedin.com/in/ryan-garcia-89012345,,Slack,Sales Executive,08 Jan 2013
Samuel,Martinez,https://www.linkedin.com/in/samuel-martinez-90123456,,Zoom,Customer Success Manager,20 Dec 2012
Gabriel,Hall,https://www.linkedin.com/in/gabriel-hall-01234567,,Coursera,Learning Experience Designer,02 Nov 2012
Isaac,Anderson,https://www.linkedin.com/in/isaac-anderson-12345678,,Udacity,Data Scientist,14 Oct 2012
Matthew,Wilson,https://www.linkedin.com/in/matthew-wilson-23456789,,Kaggle,Community Manager,26 Sep 2012
David,Lopez,https://www.linkedin.com/in/david-lopez-34567890,,HackerRank,Technical Writer,08 Aug 2012
Joseph,Martinez,https://www.linkedin.com/in/joseph-martinez-45678901,,LeetCode,Software Engineer,20 Jul 2012
Daniel,Garcia,https://www.linkedin.com/in/daniel-garcia-56789012,,GitHub,Open Source Advocate,01 Jun 2012
Henry,Anderson,https://www.linkedin.com/in/henry-anderson-67890123,,Bitbucket,Software Engineer,13 May 2012
Alexander,Robinson,https://www.linkedin.com/in/alexander-robinson-78901234,,SourceForge,Project Manager,25 Apr 2012
Lucas,Clark,https://www.linkedin.com/in/lucas-clark-89012345,,GitLab,DevOps Engineer,06 Mar 2012
Ryan,Lee,https://www.linkedin.com/in/ryan-lee-90123456,,Asana,Product Manager,18 Feb 2012
Elijah,Hall,https://www.linkedin.com/in/elijah-hall-01234567,,Monday.com,Marketing Specialist,01 Jan 2012
James,King,https://www.linkedin.com/in/james-king-12345678,,Airtable,Data Analyst,13 Dec 2011
Benjamin,Martinez,https://www.linkedin.com/in/benjamin-martinez-23456789,,Notion,UX Designer,25 Nov 2011
Lucas,Robinson,https://www.linkedin.com/in/lucas-robinson-34567890,,Evernote,Software Engineer,07 Oct 2011
Henry,Clark,https://www.linkedin.com/in/henry-clark-45678901,,Todoist,Product Designer,19 Sep 2011
Mason,Lee,https://www.linkedin.com/in/mason-lee-56789012,,Slack,Sales Executive,02 Aug 2011
Logan,Walker,https://www.linkedin.com/in/logan-walker-67890123,,Zoom,Customer Success Manager,14 Jul 2011
Dylan,Thompson,https://www.linkedin.com/in/dylan-thompson-78901234,,Coursera,Learning Experience Designer,26 Jun 2011
Ryan,Garcia,https://www.linkedin.com/in/ryan-garcia-89012345,,Udacity,Data Scientist,08 May 2011
Samuel,Martinez,https://www.linkedin.com/in/samuel-martinez-90123456,,Kaggle,Community Manager,20 Apr 2011
Gabriel,Hall,https://www.linkedin.com/in/gabriel-hall-01234567,,HackerRank,Technical Writer,02 Mar 2011
Isaac,Anderson,https://www.linkedin.com/in/isaac-anderson-12345678,,LeetCode,Software Engineer,14 Feb 2011
Matthew,Wilson,https://www.linkedin.com/in/matthew-wilson-23456789,,GitHub,Open Source Advocate,28 Jan 2011
David,Lopez,https://www.linkedin.com/in/david-lopez-34567890,,Bitbucket,Software Engineer,10 Dec 2010
Joseph,Martinez,https://www.linkedin.com/in/joseph-martinez-45678901,,SourceForge,Project Manager,22 Nov 2010
Daniel,Garcia,https://www.linkedin.com/in/daniel-garcia-56789012,,GitLab,DevOps Engineer,04 Oct 2010
Henry,Anderson,https://www.linkedin.com/in/henry-anderson-67890123,,Asana,Product Manager,16 Sep 2010
Alexander,Robinson,https://www.linkedin.com/in/alexander-robinson-78901234,,Monday.com,Marketing Specialist,28 Aug 2010
Lucas,Clark,https://www.linkedin.com/in/lucas-clark-89012345,,Airtable,Data Analyst,10 Jul 2010
Ryan,Lee,https://www.linkedin.com/in/ryan-lee-90123456,,Notion,UX Designer,22 Jun 2010
Elijah,Hall,https://www.linkedin.com/in/elijah-hall-01234567,,Evernote,Software Engineer,04 May 2010
James,King,https://www.linkedin.com/in/james-king-12345678,,Todoist,Product Designer,16 Apr 2010
Benjamin,Martinez,https://www.linkedin.com/in/benjamin-martinez-23456789,,Slack,Sales Executive,28 Mar 2010
Lucas,Robinson,https://www.linkedin.com/in/lucas-robinson-34567890,,Zoom,Customer Success Manager,10 Feb 2010
Henry,Clark,https://www.linkedin.com/in/henry-clark-45678901,,Coursera,Learning Experience Designer,22 Jan 2010
Mason,Lee,https://www.linkedin.com/in/mason-lee-56789012,,Udacity,Data Scientist,06 Dec 2009
Logan,Walker,https://www.linkedin.com/in/logan-walker-67890123,,Kaggle,Community Manager,18 Nov 2009
Dylan,Thompson,https://www.linkedin.com/in/dylan-thompson-78901234,,HackerRank,Technical Writer,30 Oct 2009
Ryan,Garcia,https://www.linkedin.com/in/ryan-garcia-89012345,,LeetCode,Software Engineer,11 Sep 2009
Samuel,Martinez,https://www.linkedin.com/in/samuel-martinez-90123456,,GitHub,Open Source Advocate,23 Aug 2009
Gabriel,Hall,https://www.linkedin.com/in/gabriel-hall-01234567,,Bitbucket,Software Engineer,05 Jul 2009
Isaac,Anderson,https://www.linkedin.com/in/isaac-anderson-12345678,,SourceForge,Project Manager,17 Jun 2009
Matthew,Wilson,https://www.linkedin.com/in/matthew-wilson-23456789,,GitLab,DevOps Engineer,29 May 2009
David,Lopez,https://www.linkedin.com/in/david-lopez-34567890,,Asana,Product Manager,10 Apr 2009
Joseph,Martinez,https://www.linkedin.com/in/joseph-martinez-45678901,,Monday.com,Marketing Specialist,22 Mar 2009
Daniel,Garcia,https://www.linkedin.com/in/daniel-garcia-56789012,,Airtable,Data Analyst,04 Feb 2009
Henry,Anderson,https://www.linkedin.com/in/henry-anderson-67890123,,Notion,UX Designer,16 Jan 2009
Alexander,Robinson,https://www.linkedin.com/in/alexander-robinson-78901234,,Evernote,Software Engineer,28 Dec 2008
Lucas,Clark,https://www.linkedin.com/in/lucas-clark-89012345,,Todoist,Product Designer,10 Nov 2008
Ryan,Lee,https://www.linkedin.com/in/ryan-lee-90123456,,Slack,Sales Executive,22 Oct 2008
Elijah,Hall,https://www.linkedin.com/in/elijah-hall-01234567,,Zoom,Customer Success Manager,04 Sep 2008
James,King,https://www.linkedin.com/in/james-king-12345678,,Coursera,Learning Experience Designer,16 Aug 2008
Benjamin,Martinez,https://www.linkedin.com/in/benjamin-martinez-23456789,,Udacity,Data Scientist,28 Jul 2008
Lucas,Robinson,https://www.linkedin.com/in/lucas-robinson-34567890,,Kaggle,Community Manager,10 Jun 2008
Henry,Clark,https://www.linkedin.com/in/henry-clark-45678901,,HackerRank,Technical Writer,22 May 2008
Mason,Lee,https://www.linkedin.com/in/mason-lee-56789012,,LeetCode,Software Engineer,04 Apr 2008
Logan,Walker,https://www.linkedin.com/in/logan-walker-67890123,,GitHub,Open Source Advocate,16 Mar 2008
Dylan,Thompson,https://www.linkedin.com/in/dylan-thompson-78901234,,Bitbucket,Software Engineer,28 Feb 2008
Ryan,Garcia,https://www.linkedin.com/in/ryan-garcia-89012345,,SourceForge,Project Manager,11 Jan 2008
Samuel,Martinez,https://www.linkedin.com/in/samuel-martinez-90123456,,GitLab,DevOps Engineer,24 Dec 2007
Gabriel,Hall,https://www.linkedin.com/in/gabriel-hall-01234567,,Asana,Product Manager,06 Nov 2007
Isaac,Anderson,https://www.linkedin.com/in/isaac-anderson-12345678,,Monday.com,Marketing Specialist,18 Oct 2007
Matthew,Wilson,https://www.linkedin.com/in/matthew-wilson-23456789,,Airtable,Data Analyst,30 Sep 2007
David,Lopez,https://www.linkedin.com/in/david-lopez-34567890,,Notion,UX Designer,12 Aug 2007
Joseph,Martinez,https://www.linkedin.com/in/joseph-martinez-45678901,,Evernote,Software Engineer,25 Jul 2007
Daniel,Garcia,https://www.linkedin.com/in/daniel-garcia-56789012,,Todoist,Product Designer,07 Jun 2007
Henry,Anderson,https://www.linkedin.com/in/henry-anderson-67890123,,Slack,Sales Executive,19 May 2007
Alexander,Robinson,https://www.linkedin.com/in/alexander-robinson-78901234,,Zoom,Customer Success Manager,01 Apr 2007
Lucas,Clark,https://www.linkedin.com/in/lucas-clark-89012345,,Coursera,Learning Experience Designer,13 Mar 2007
Ryan,Lee,https://www.linkedin.com/in/ryan-lee-90123456,,Udacity,Data Scientist,26 Feb 2007
Elijah,Hall,https://www.linkedin.com/in/elijah-hall-01234567,,Kaggle,Community Manager,10 Jan 2007
James,King,https://www.linkedin.com/in/james-king-12345678,,HackerRank,Technical Writer,22 Dec 2006
Benjamin,Martinez,https://www.linkedin.com/in/benjamin-martinez-23456789,,LeetCode,Software Engineer,04 Nov 2006
Lucas,Robinson,https://www.linkedin.com/in/lucas-robinson-34567890,,GitHub,Open Source Advocate,16 Oct 2006
Henry,Clark,https://www.linkedin.com/in/henry-clark-45678901,,Bitbucket,Software Engineer,28 Sep 2006
Mason,Lee,https://www.linkedin.com/in/mason-lee-56789012,,SourceForge,Project Manager,10 Aug 2006
Logan,Walker,https://www.linkedin.com/in/logan-walker-67890123,,GitLab,DevOps Engineer,22 Jul 2006
Dylan,Thompson,https://www.linkedin.com/in/dylan-thompson-78901234,,Asana,Product Manager,04 Jun 2006
Ryan,Garcia,https://www.linkedin.com/in/ryan-garcia-89012345,,Monday.com,Marketing Specialist,16 May 2006
Samuel,Martinez,https://www.linkedin.com/in/samuel-martinez-90123456,,Airtable,Data Analyst,30 Apr 2006
Gabriel,Hall,https://www.linkedin.com/in/gabriel-hall-01234567,,Notion,UX Designer,12 Mar 2006
Isaac,Anderson,https://www.linkedin.com/in/isaac-anderson-12345678,,Evernote,Software Engineer,25 Feb 2006
Matthew,Wilson,https://www.linkedin.com/in/matthew-wilson-23456789,,Todoist,Product Designer,07 Jan 2006
David,Lopez,https://www.linkedin.com/in/david-lopez-34567890,,Slack,Sales Executive,19 Dec 2005
Joseph,Martinez,https://www.linkedin.com/in/joseph-martinez-45678901,,Zoom,Customer Success Manager,01 Nov 2005
Daniel,Garcia,https://www.linkedin.com/in/daniel-garcia-56789012,,Coursera,Learning Experience Designer,13 Oct 2005
Henry,Anderson,https://www.linkedin.com/in/henry-anderson-67890123,,Udacity,Data Scientist,26 Sep 2005
Alexander,Robinson,https://www.linkedin.com/in/alexander-robinson-78901234,,Kaggle,Community Manager,08 Aug 2005
Lucas,Clark,https://www.linkedin.com/in/lucas-clark-89012345,,HackerRank,Technical Writer,20 Jul 2005
Ryan,Lee,https://www.linkedin.com/in/ryan-lee-90123456,,LeetCode,Software Engineer,02 Jun 2005
Elijah,Hall,https://www.linkedin.com/in/elijah-hall-01234567,,GitHub,Open Source Advocate,15 May 2005
James,King,https://www.linkedin.com/in/james-king-12345678,,Bitbucket,Software Engineer,27 Apr 2005
Benjamin,Martinez,https://www.linkedin.com/in/benjamin-martinez-23456789,,SourceForge,Project Manager,09 Mar 2005
Lucas,Robinson,https://www.linkedin.com/in/lucas-robinson-34567890,,GitLab,DevOps Engineer,21 Feb 2005
Henry,Clark,https://www.linkedin.com/in/henry-clark-45678901,,Asana,Product Manager,05 Jan 2005
Mason,Lee,https://www.linkedin.com/in/mason-lee-56789012,,Monday.com,Marketing Specialist,17 Dec 2004
Logan,Walker,https://www.linkedin.com/in/logan-walker-67890123,,Airtable,Data Analyst,30 Nov 2004
Dylan,Thompson,https://www.linkedin.com/in/dylan-thompson-78901234,,Notion,UX Designer,12 Oct 2004
Ryan,Garcia,https://www.linkedin.com/in/ryan-garcia-89012345,,Evernote,Software Engineer,25 Sep 2004
Samuel,Martinez,https://www.linkedin.com/in/samuel-martinez-90123456,,Todoist,Product Designer,07 Aug 2004
Gabriel,Hall,https://www.linkedin.com/in/gabriel-hall-01234567,,Slack,Sales Executive,19 Jul 2004
Isaac,Anderson,https://www.linkedin.com/in/isaac-anderson-12345678,,Zoom,Customer Success Manager,01 Jun 2004
Matthew,Wilson,https://www.linkedin.com/in/matthew-wilson-23456789,,Coursera,Learning Experience Designer,13 May 2004
David,Lopez,https://www.linkedin.com/in/david-lopez-34567890,,Udacity,Data Scientist,26 Apr 2004
Joseph,Martinez,https://www.linkedin.com/in/joseph-martinez-45678901,,Kaggle,Community Manager,08 Mar 2004
Daniel,Garcia,https://www.linkedin.com/in/daniel-garcia-56789012,,HackerRank,Technical Writer,20 Feb 2004
Henry,Anderson,https://www.linkedin.com/in/henry-anderson-67890123,,LeetCode,Software Engineer,03 Jan 2004
Alexander,Robinson,https://www.linkedin.com/in/alexander-robinson-78901234,,GitHub,Open Source Advocate,15 Dec 2003
Lucas,Clark,https://www.linkedin.com/in/lucas-clark-89012345,,Bitbucket,Software Engineer,28 Nov 2003
Ryan,Lee,https://www.linkedin.com/in/ryan-lee-90123456,,SourceForge,Project Manager,10 Oct 2003
Elijah,Hall,https://www.linkedin.com/in/elijah-hall-01234567,,GitLab,DevOps Engineer,22 Sep 2003
James,King,https://www.linkedin.com/in/james-king-12345678,,Asana,Product Manager,05 Aug 2003
Benjamin,Martinez,https://www.linkedin.com/in/benjamin-martinez-23456789,,Monday.com,Marketing Specialist,17 Jul 2003
Lucas,Robinson,https://www.linkedin.com/in/lucas-robinson-34567890,,Airtable,Data Analyst,30 Jun 2003
Henry,Clark,https://www.linkedin.com/in/henry-clark-45678901,,Notion,UX Designer,12 May 2003
Mason,Lee,https://www.linkedin.com/in/mason-lee-56789012,,Evernote,Software Engineer,25 Apr 2003
Logan,Walker,https://www.linkedin.com/in/logan-walker-67890123,,Todoist,Product Designer,07 Mar 2003
Dylan,Thompson,https://www.linkedin.com/in/dylan-thompson-78901234,,Slack,Sales Executive,19 Feb 2003
Ryan,Garcia,https://www.linkedin.com/in/ryan-garcia-89012345,,Zoom,Customer Success Manager,01 Jan 2003
Samuel,Martinez,https://www.linkedin.com/in/samuel-martinez-90123456,,Coursera,Learning Experience Designer,13 Dec 2002
Gabriel,Hall,https://www.linkedin.com/in/gabriel-hall-01234567,,Udacity,Data Scientist,26 Nov 2002
Isaac,Anderson,https://www.linkedin.com/in/isaac-anderson-12345678,,Kaggle,Community Manager,08 Oct 2002
Matthew,Wilson,https://www.linkedin.com/in/matthew-wilson-23456789,,HackerRank,Technical Writer,20 Sep 2002
David,Lopez,https://www.linkedin.com/in/david-lopez-34567890,,LeetCode,Software Engineer,03 Aug 2002
Joseph,Martinez,https://www.linkedin.com/in/joseph-martinez-45678901,,GitHub,Open Source Advocate,15 Jul 2002
Daniel,Garcia,https://www.linkedin.com/in/daniel-garcia-56789012,,Bitbucket,Software Engineer,28 Jun 2002
Henry,Anderson,https://www.linkedin.com/in/henry-anderson-67890123,,SourceForge,Project Manager,10 May 2002
Alexander,Robinson,https://www.linkedin.com/in/alexander-robinson-78901234,,GitLab,DevOps Engineer,22 Apr 2002
Lucas,Clark,https://www.linkedin.com/in/lucas-clark-89012345,,Asana,Product Manager,05 Mar 2002
Ryan,Lee,https://www.linkedin.com/in/ryan-lee-90123456,,Monday.com,Marketing Specialist,17 Feb 2002
Elijah,Hall,https://www.linkedin.com/in/elijah-hall-01234567,,Airtable,Data Analyst,01 Jan 2002
James,King,https://www.linkedin.com/in/james-king-12345678,,Notion,UX Designer,13 Dec 2001
Benjamin,Martinez,https://www.linkedin.com/in/benjamin-martinez-23456789,,Evernote,Software Engineer,26 Nov 2001
Lucas,Robinson,https://www.linkedin.com/in/lucas-robinson-34567890,,Todoist,Product Designer,08 Oct 2001
Henry,Clark,https://www.linkedin.com/in/henry-clark-45678901,,Slack,Sales Executive,20 Sep 2001
Mason,Lee,https://www.linkedin.com/in/mason-lee-56789012,,Zoom,Customer Success Manager,02 Aug 2001
Logan,Walker,https://www.linkedin.com/in/logan-walker-67890123,,Coursera,Learning Experience Designer,14 Jul 2001
Dylan,Thompson,https://www.linkedin.com/in/dylan-thompson-78901234,,Udacity,Data Scientist,26 Jun 2001
Ryan,Garcia,https://www.linkedin.com/in/ryan-garcia-89012345,,Kaggle,Community Manager,08 May 2001
Samuel,Martinez,https://www.linkedin.com/in/samuel-martinez-90123456,,HackerRank,Technical Writer,20 Apr 2001
Gabriel,Hall,https://www.linkedin.com/in/gabriel-hall-01234567,,LeetCode,Software Engineer,03 Mar 2001
Isaac,Anderson,https://www.linkedin.com/in/isaac-anderson-12345678,,GitHub,Open Source Advocate,15 Feb 2001
Matthew,Wilson,https://www.linkedin.com/in/matthew-wilson-23456789,,Bitbucket,Software Engineer,28 Jan 2001
David,Lopez,https://www.linkedin.com/in/david-lopez-34567890,,SourceForge,Project Manager,10 Dec 2000
Joseph,Martinez,https://www.linkedin.com/in/joseph-martinez-45678901,,GitLab,DevOps Engineer,22 Nov 2000
Daniel,Garcia,https://www.linkedin.com/in/daniel-garcia-56789012,,Asana,Product Manager,04 Oct 2000
Henry,Anderson,https://www.linkedin.com/in/henry-anderson-67890123,,Monday.com,Marketing Specialist,16 Sep 2000
Alexander,Robinson,https://www.linkedin.com/in/alexander-robinson-78901234,,Airtable,Data Analyst,28 Aug 2000
Lucas,Clark,https://www.linkedin.com/in/lucas-clark-89012345,,Notion,UX Designer,10 Jul 2000
Ryan,Lee,https://www.linkedin.com/in/ryan-lee-90123456,,Evernote,Software Engineer,22 Jun 2000
Elijah,Hall,https://www.linkedin.com/in/elijah-hall-01234567,,Todoist,Product Designer,04 May 2000
James,King,https://www.linkedin.com/in/james-king-12345678,,Slack,Sales Executive,16 Apr 2000
Benjamin,Martinez,https://www.linkedin.com/in/benjamin-martinez-23456789,,Zoom,Customer Success Manager,28 Mar 2000
Lucas,Robinson,https://www.linkedin.com/in/lucas-robinson-34567890,,Coursera,Learning Experience Designer,10 Feb 2000
Henry,Clark,https://www.linkedin.com/in/henry-clark-45678901,,Udacity,Data Scientist,23 Jan 2000
Mason,Lee,https://www.linkedin.com/in/mason-lee-56789012,,Kaggle,Community Manager,05 Dec 1999
Logan,Walker,https://www.linkedin.com/in/logan-walker-67890123,,HackerRank,Technical Writer,17 Nov 1999
Dylan,Thompson,https://www.linkedin.com/in/dylan-thompson-78901234,,LeetCode,Software Engineer,30 Oct 1999
Ryan,Garcia,https://www.linkedin.com/in/ryan-garcia-89012345,,GitHub,Open Source Advocate,12 Sep 1999
Samuel,Martinez,https://www.linkedin.com/in/samuel-martinez-90123456,,Bitbucket,Software Engineer,25 Aug 1999
Gabriel,Hall,https://www.linkedin.com/in/gabriel-hall-01234567,,SourceForge,Project Manager,07 Jul 1999
Isaac,Anderson,https://www.linkedin.com/in/isaac-anderson-12345678,,GitLab,DevOps Engineer,19 Jun 1999
Matthew,Wilson,https://www.linkedin.com/in/matthew-wilson-23456789,,Asana,Product Manager,01 May 1999
David,Lopez,https://www.linkedin.com/in/david-lopez-34567890,,Monday.com,Marketing Specialist,13 Apr 1999
Joseph,Martinez,https://www.linkedin.com/in/joseph-martinez-45678901,,Airtable,Data Analyst,26 Mar 1999
Daniel,Garcia,https://www.linkedin.com/in/daniel-garcia-56789012,,Notion,UX Designer,08 Feb 1999
Henry,Anderson,https://www.linkedin.com/in/henry-anderson-67890123,,Evernote,Software Engineer,20 Jan 1999
Alexander,Robinson,https://www.linkedin.com/in/alexander-robinson-78901234,,Todoist,Product Designer,04 Dec 1998
Lucas,Clark,https://www.linkedin.com/in/lucas-clark-89012345,,Slack,Sales Executive,16 Nov 1998
Ryan,Lee,https://www.linkedin.com/in/ryan-lee-90123456,,Zoom,Customer Success Manager,28 Oct 1998
Elijah,Hall,https://www.linkedin.com/in/elijah-hall-01234567,,Coursera,Learning Experience Designer,10 Sep 1998
James,King,https://www.linkedin.com/in/james-king-12345678,,Udacity,Data Scientist,22 Aug 1998
Benjamin,Martinez,https://www.linkedin.com/in/benjamin-martinez-23456789,,Kaggle,Community Manager,05 Jul 1998
Lucas,Robinson,https://www.linkedin.com/in/lucas-robinson-34567890,,HackerRank,Technical Writer,17 Jun 1998
Henry,Clark,https://www.linkedin.com/in/henry-clark-45678901,,LeetCode,Software Engineer,30 May 1998
Mason,Lee,https://www.linkedin.com/in/mason-lee-56789012,,GitHub,Open Source Advocate,12 Apr 1998
Logan,Walker,https://www.linkedin.com/in/logan-walker-67890123,,Bitbucket,Software Engineer,25 Mar 1998
Dylan,Thompson,https://www.linkedin.com/in/dylan-thompson-78901234,,SourceForge,Project Manager,09 Feb 1998
Ryan,Garcia,https://www.linkedin.com/in/ryan-garcia-89012345,,GitLab,DevOps Engineer,20 Jan 1998
Samuel,Martinez,https://www.linkedin.com/in/samuel-martinez-90123456,,Asana,Product Manager,04 Dec 1997
Gabriel,Hall,https://www.linkedin.com/in/gabriel-hall-01234567,,Monday.com,Marketing Specialist,16 Nov 1997
Isaac,Anderson,https://www.linkedin.com/in/isaac-anderson-12345678,,Airtable,Data Analyst,28 Oct 1997
Matthew,Wilson,https://www.linkedin.com/in/matthew-wilson-23456789,,Notion,UX Designer,10 Sep 1997
David,Lopez,https://www.linkedin.com/in/david-lopez-34567890,,Evernote,Software Engineer,22 Aug 1997
Joseph,Martinez,https://www.linkedin.com/in/joseph-martinez-45678901,,Todoist,Product Designer,05 Jul 1997
Daniel,Garcia,https://www.linkedin.com/in/daniel-garcia-56789012,,Slack,Sales Executive,17 Jun 1997
Henry,Anderson,https://www.linkedin.com/in/henry-anderson-67890123,,Zoom,Customer Success Manager,30 May 1997
Alexander,Robinson,https://www.linkedin.com/in/alexander-robinson-78901234,,Coursera,Learning Experience Designer,12 Apr 1997
Lucas,Clark,https://www.linkedin.com/in/lucas-clark-89012345,,Udacity,Data Scientist,26 Mar 1997
Ryan,Lee,https://www.linkedin.com/in/ryan-lee-90123456,,Kaggle,Community Manager,08 Feb 1997
Elijah,Hall,https://www.linkedin.com/in/elijah-hall-01234567,,HackerRank,Technical Writer,20 Jan 1997
James,King,https://www.linkedin.com/in/james-king-12345678,,LeetCode,Software Engineer,04 Dec 1996
Benjamin,Martinez,https://www.linkedin.com/in/benjamin-martinez-23456789,,GitHub,Open Source Advocate,16 Nov 1996
Lucas,Robinson,https://www.linkedin.com/in/lucas-robinson-34567890,,Bitbucket,Software Engineer,28 Oct 1996
Henry,Clark,https://www.linkedin.com/in/henry-clark-45678901,,SourceForge,Project Manager,10 Sep 1996
Mason,Lee,https://www.linkedin.com/in/mason-lee-56789012,,GitLab,DevOps Engineer,22 Aug 1996
Logan,Walker,https://www.linkedin.com/in/logan-walker-67890123,,Asana,Product Manager,05 Jul 1996
Dylan,Thompson,https://www.linkedin.com/in/dylan-thompson-78901234,,Monday.com,Marketing Specialist,17 Jun 1996
Ryan,Garcia,https://www.linkedin.com/in/ryan-garcia-89012345,,Airtable,Data Analyst,30 May 1996
Samuel,Martinez,https://www.linkedin.com/in/samuel-martinez-90123456,,Notion,UX Designer,12 Apr 1996
Gabriel,Hall,https://www.linkedin.com/in/gabriel-hall-01234567,,Evernote,Software Engineer,25 Mar 1996
Isaac,Anderson,https://www.linkedin.com/in/isaac-anderson-12345678,,Todoist,Product Designer,07 Feb 1996
Matthew,Wilson,https://www.linkedin.com/in/matthew-wilson-23456789,,Slack,Sales Executive,19 Jan 1996
David,Lopez,https://www.linkedin.com/in/david-lopez-34567890,,Zoom,Customer Success Manager,01 Dec 1995
Joseph,Martinez,https://www.linkedin.com/in/joseph-martinez-45678901,,Coursera,Learning Experience Designer,13 Nov 1995
Daniel,Garcia,https://www.linkedin.com/in/daniel-garcia-56789012,,Udacity,Data Scientist,26 Oct 1995
Henry,Anderson,https://www.linkedin.com/in/henry-anderson-67890123,,Kaggle,Community Manager,08 Sep 1995
Alexander,Robinson,https://www.linkedin.com/in/alexander-robinson-78901234,,HackerRank,Technical Writer,20 Aug 1995
Lucas,Clark,https://www.linkedin.com/in/lucas-clark-89012345,,LeetCode,Software Engineer,02 Jul 1995
Ryan,Lee,https://www.linkedin.com/in/ryan-lee-90123456,,GitHub,Open Source Advocate,15 Jun 1995
Elijah,Hall,https://www.linkedin.com/in/elijah-hall-01234567,,Bitbucket,Software Engineer,28 May 1995
James,King,https://www.linkedin.com/in/james-king-12345678,,SourceForge,Project Manager,10 Apr 1995
Benjamin,Martinez,https://www.linkedin.com/in/benjamin-martinez-23456789,,GitLab,DevOps Engineer,22 Mar 1995
Lucas,Robinson,https://www.linkedin.com/in/lucas-robinson-34567890,,Asana,Product Manager,05 Feb 1995
Henry,Clark,https://www.linkedin.com/in/henry-clark-45678901,,Monday.com,Marketing Specialist,17 Jan 1995
Mason,Lee,https://www.linkedin.com/in/mason-lee-56789012,,Airtable,Data Analyst,01 Dec 1994
Logan,Walker,https://www.linkedin.com/in/logan-walker-67890123,,Notion,UX Designer,13 Nov 1994
Dylan,Thompson,https://www.linkedin.com/in/dylan-thompson-78901234,,Evernote,Software Engineer,26 Oct 1994
Ryan,Garcia,https://www.linkedin.com/in/ryan-garcia-89012345,,Todoist,Product Designer,08 Sep 1994
Samuel,Martinez,https://www.linkedin.com/in/samuel-martinez-90123456,,Slack,Sales Executive,20 Aug 1994
Gabriel,Hall,https://www.linkedin.com/in/gabriel-hall-01234567,,Zoom,Customer Success Manager,02 Jul 1994
Isaac,Anderson,https://www.linkedin.com/in/isaac-anderson-12345678,,Coursera,Learning Experience Designer,15 Jun 1994
Matthew,Wilson,https://www.linkedin.com/in/matthew-wilson-23456789,,Udacity,Data Scientist,28 May 1994
David,Lopez,https://www.linkedin.com/in/david-lopez-34567890,,Kaggle,Community Manager,10 Apr 1994
Joseph,Martinez,https://www.linkedin.com/in/joseph-martinez-45678901,,HackerRank,Technical Writer,22 Mar 1994
Daniel,Garcia,https://www.linkedin.com/in/daniel-garcia-56789012,,LeetCode,Software Engineer,04 Feb 1994
Henry,Anderson,https://www.linkedin.com/in/henry-anderson-67890123,,GitHub,Open Source Advocate,16 Jan 1994
Alexander,Robinson,https://www.linkedin.com/in/alexander-robinson-78901234,,Bitbucket,Software Engineer,28 Dec 1993
Lucas,Clark,https://www.linkedin.com/in/lucas-clark-89012345,,SourceForge,Project Manager,10 Nov 1993
Ryan,Lee,https://www.linkedin.com/in/ryan-lee-90123456,,GitLab,DevOps Engineer,22 Oct 1993
Elijah,Hall,https://www.linkedin.com/in/elijah-hall-01234567,,Asana,Product Manager,04 Sep 1993
James,King,https://www.linkedin.com/in/james-king-12345678,,Monday.com,Marketing Specialist,16 Aug 1993
Benjamin,Martinez,https://www.linkedin.com/in/benjamin-martinez-23456789,,Airtable,Data Analyst,30 Jul 1993
Lucas,Robinson,https://www.linkedin.com/in/lucas-robinson-34567890,,Notion,UX Designer,12 Jun 1993
Henry,Clark,https://www.linkedin.com/in/henry-clark-45678901,,Evernote,Software Engineer,25 May 1993
Mason,Lee,https://www.linkedin.com/in/mason-lee-56789012,,Todoist,Product Designer,07 Apr 1993
Logan,Walker,https://www.linkedin.com/in/logan-walker-67890123,,Slack,Sales Executive,19 Mar 1993
Dylan,Thompson,https://www.linkedin.com/in/dylan-thompson-78901234,,Zoom,Customer Success Manager,01 Feb 1993
Ryan,Garcia,https://www.linkedin.com/in/ryan-garcia-89012345,,Coursera,Learning Experience Designer,13 Jan 1993
Samuel,Martinez,https://www.linkedin.com/in/samuel-martinez-90123456,,Udacity,Data Scientist,26 Dec 1992
Gabriel,Hall,https://www.linkedin.com/in/gabriel-hall-01234567,,Kaggle,Community Manager,08 Nov 1992
Isaac,Anderson,https://www.linkedin.com/in/isaac-anderson-12345678,,HackerRank,Technical Writer,20 Oct 1992
Matthew,Wilson,https://www.linkedin.com/in/matthew-wilson-23456789,,LeetCode,Software Engineer,02 Sep 1992
David,Lopez,https://www.linkedin.com/in/david-lopez-34567890,,GitHub,Open Source Advocate,15 Aug 1992
Joseph,Martinez,https://www.linkedin.com/in/joseph-martinez-45678901,,Bitbucket,Software Engineer,28 Jul 1992
Daniel,Garcia,https://www.linkedin.com/in/daniel-garcia-56789012,,SourceForge,Project Manager,10 Jun 1992
Henry,Anderson,https://www.linkedin.com/in/henry-anderson-67890123,,GitLab,DevOps Engineer,22 May 1992
Alexander,Robinson,https://www.linkedin.com/in/alexander-robinson-78901234,,Asana,Product Manager,04 Apr 1992
Lucas,Clark,https://www.linkedin.com/in/lucas-clark-89012345,,Monday.com,Marketing Specialist,17 Mar 1992
Ryan,Lee,https://www.linkedin.com/in/ryan-lee-90123456,,Airtable,Data Analyst,01 Feb 1992
Elijah,Hall,https://www.linkedin.com/in/elijah-hall-01234567,,Notion,UX Designer,13 Jan 1992
James,King,https://www.linkedin.com/in/james-king-12345678,,Evernote,Software Engineer,26 Dec 1991
Benjamin,Martinez,https://www.linkedin.com/in/benjamin-martinez-23456789,,Todoist,Product Designer,08 Nov 1991
Lucas,Robinson,https://www.linkedin.com/in/lucas-robinson-34567890,,Slack,Sales Executive,20 Oct 1991
Henry,Clark,https://www.linkedin.com/in/henry-clark-45678901,,Zoom,Customer Success Manager,02 Sep 1991
Mason,Lee,https://www.linkedin.com/in/mason-lee-56789012,,Coursera,Learning Experience Designer,14 Aug 1991
Logan,Walker,https://www.linkedin.com/in/logan-walker-67890123,,Udacity,Data Scientist,26 Jul 1991
Dylan,Thompson,https://www.linkedin.com/in/dylan-thompson-78901234,,Kaggle,Community Manager,08 Jun 1991
Ryan,Garcia,https://www.linkedin.com/in/ryan-garcia-89012345,,HackerRank,Technical Writer,20 May 1991
Samuel,Martinez,https://www.linkedin.com/in/samuel-martinez-90123456,,LeetCode,Software Engineer,02 Apr 1991
Gabriel,Hall,https://www.linkedin.com/in/gabriel-hall-01234567,,GitHub,Open Source Advocate,15 Mar 1991
Isaac,Anderson,https://www.linkedin.com/in/isaac-anderson-12345678,,Bitbucket,Software Engineer,28 Feb 1991
Matthew,Wilson,https://www.linkedin.com/in/matthew-wilson-23456789,,SourceForge,Project Manager,10 Jan 1991
David,Lopez,https://www.linkedin.com/in/david-lopez-34567890,,GitLab,DevOps Engineer,22 Dec 1990
Joseph,Martinez,https://www.linkedin.com/in/joseph-martinez-45678901,,Asana,Product Manager,04 Nov 1990
Daniel,Garcia,https://www.linkedin.com/in/daniel-garcia-56789012,,Monday.com,Marketing Specialist,16 Oct 1990
Henry,Anderson,https://www.linkedin.com/in/henry-anderson-67890123,,Airtable,Data Analyst,30 Sep 1990
Alexander,Robinson,https://www.linkedin.com/in/alexander-robinson-78901234,,Notion,UX Designer,12 Aug 1990
Lucas,Clark,https://www.linkedin.com/in/lucas-clark-89012345,,Evernote,Software Engineer,25 Jul 1990
Ryan,Lee,https://www.linkedin.com/in/ryan-lee-90123456,,Todoist,Product Designer,07 Jun 1990
Elijah,Hall,https://www.linkedin.com/in/elijah-hall-01234567,,Slack,Sales Executive,19 May 1990
James,King,https://www.linkedin.com/in/james-king-12345678,,Zoom,Customer Success Manager,01 Apr 1990
Benjamin,Martinez,https://www.linkedin.com/in/benjamin-martinez-23456789,,Coursera,Learning Experience Designer,13 Mar 1990
Lucas,Robinson,https://www.linkedin.com/in/lucas-robinson-34567890,,Udacity,Data Scientist,26 Feb 1990
Henry,Clark,https://www.linkedin.com/in/henry-clark-45678901,,Kaggle,Community Manager,10 Jan 1990
Mason,Lee,https://www.linkedin.com/in/mason-lee-56789012,,HackerRank,Technical Writer,22 Dec 1989
Logan,Walker,https://www.linkedin.com/in/logan-walker-67890123,,LeetCode,Software Engineer,04 Nov 1989
Dylan,Thompson,https://www.linkedin.com/in/dylan-thompson-78901234,,GitHub,Open Source Advocate,16 Oct 1989
Ryan,Garcia,https://www.linkedin.com/in/ryan-garcia-89012345,,Bitbucket,Software Engineer,28 Sep 1989
Samuel,Martinez,https://www.linkedin.com/in/samuel-martinez-90123456,,SourceForge,Project Manager,10 Aug 1989
Gabriel,Hall,https://www.linkedin.com/in/gabriel-hall-01234567,,GitLab,DevOps Engineer,22 Jul 1989
Isaac,Anderson,https://www.linkedin.com/in/isaac-anderson-12345678,,Asana,Product Manager,04 Jun 1989
Matthew,Wilson,https://www.linkedin.com/in/matthew-wilson-23456789,,Monday.com,Marketing Specialist,17 May 1989
David,Lopez,https://www.linkedin.com/in/david-lopez-34567890,,Airtable,Data Analyst,30 Apr 1989
Joseph,Martinez,https://www.linkedin.com/in/joseph-martinez-45678901,,Notion,UX Designer,12 Mar 1989
Daniel,Garcia,https://www.linkedin.com/in/daniel-garcia-56789012,,Evernote,Software Engineer,25 Feb 1989
Henry,Anderson,https://www.linkedin.com/in/henry-anderson-67890123,,Todoist,Product Designer,07 Jan 1989
Alexander,Robinson,https://www.linkedin.com/in/alexander-robinson-78901234,,Slack,Sales Executive,19 Dec 1988
Lucas,Clark,https://www.linkedin.com/in/lucas-clark-89012345,,Zoom,Customer Success Manager,01 Nov 1988
Ryan,Lee,https://www.linkedin.com/in/ryan-lee-90123456,,Coursera,Learning Experience Designer,13 Oct 1988
Elijah,Hall,https://www.linkedin.com/in/elijah-hall-01234567,,Udacity,Data Scientist,26 Sep 1988
James,King,https://www.linkedin.com/in/james-king-12345678,,Kaggle,Community Manager,08 Aug 1988
Benjamin,Martinez,https://www.linkedin.com/in/benjamin-martinez-23456789,,HackerRank,Technical Writer,20 Jul 1988
Lucas,Robinson,https://www.linkedin.com/in/lucas-robinson-34567890,,LeetCode,Software Engineer,02 Jun 1988
Henry,Clark,https://www.linkedin.com/in/henry-clark-45678901,,GitHub,Open Source Advocate,15 May 1988
Mason,Lee,https://www.linkedin.com/in/mason-lee-56789012,,Bitbucket,Software Engineer,28 Apr 1988
Logan,Walker,https://www.linkedin.com/in/logan-walker-67890123,,SourceForge,Project Manager,10 Mar 1988
Dylan,Thompson,https://www.linkedin.com/in/dylan-thompson-78901234,,GitLab,DevOps Engineer,22 Feb 1988
Ryan,Garcia,https://www.linkedin.com/in/ryan-garcia-89012345,,Asana,Product Manager,04 Jan 1988
Samuel,Martinez,https://www.linkedin.com/in/samuel-martinez-90123456,,Monday.com,Marketing Specialist,17 Dec 1987
Gabriel,Hall,https://www.linkedin.com/in/gabriel-hall-01234567,,Airtable,Data Analyst,30 Nov 1987
Isaac,Anderson,https://www.linkedin.com/in/isaac-anderson-12345678,,Notion,UX Designer,12 Oct 1987
Matthew,Wilson,https://www.linkedin.com/in/matthew-wilson-23456789,,Evernote,Software Engineer,25 Sep 1987
David,Lopez,https://www.linkedin.com/in/david-lopez-34567890,,Todoist,Product Designer,07 Aug 1987
Joseph,Martinez,https://www.linkedin.com/in/joseph-martinez-45678901,,Slack,Sales Executive,19 Jul 1987
Daniel,Garcia,https://www.linkedin.com/in/daniel-garcia-56789012,,Zoom,Customer Success Manager,01 Jun 1987
Henry,Anderson,https://www.linkedin.com/in/henry-anderson-67890123,,Coursera,Learning Experience Designer,13 May 1987
Alexander,Robinson,https://www.linkedin.com/in/alexander-robinson-78901234,,Udacity,Data Scientist,26 Apr 1987
Lucas,Clark,https://www.linkedin.com/in/lucas-clark-89012345,,Kaggle,Community Manager,08 Mar 1987
Ryan,Lee,https://www.linkedin.com/in/ryan-lee-90123456,,HackerRank,Technical Writer,20 Feb 1987
Elijah,Hall,https://www.linkedin.com/in/elijah-hall-01234567,,LeetCode,Software Engineer,03 Jan 1987
James,King,https://www.linkedin.com/in/james-king-12345678,,GitHub,Open Source Advocate,15 Dec 1986
Benjamin,Martinez,https://www.linkedin.com/in/benjamin-martinez-23456789,,Bitbucket,Software Engineer,28 Nov 1986
Lucas,Robinson,https://www.linkedin.com/in/lucas-robinson-34567890,,SourceForge,Project Manager,10 Oct 1986
Henry,Clark,https://www.linkedin.com/in/henry-clark-45678901,,GitLab,DevOps Engineer,22 Sep 1986
Mason,Lee,https://www.linkedin.com/in/mason-lee-56789012,,Asana,Product Manager,04 Aug 1986
Logan,Walker,https://www.linkedin.com/in/logan-walker-67890123,,Monday.com,Marketing Specialist,17 Jul 1986
Dylan,Thompson,https://www.linkedin.com/in/dylan-thompson-78901234,,Evernote,Software Engineer,30 Jun 1986
Ryan,Garcia,https://www.linkedin.com/in/ryan-garcia-89012345,,Todoist,Product Designer,12 May 1986
Samuel,Martinez,https://www.linkedin.com/in/samuel-martinez-90123456,,Slack,Sales Executive,25 Apr 1986
Gabriel,Hall,https://www.linkedin.com/in/gabriel-hall-01234567,,Zoom,Customer Success Manager,07 Mar 1986
Isaac,Anderson,https://www.linkedin.com/in/isaac-anderson-12345678,,Coursera,Learning Experience Designer,19 Feb 1986
Matthew,Wilson,https://www.linkedin.com/in/matthew-wilson-23456789,,Udacity,Data Scientist,01 Jan 1986
David,Lopez,https://www.linkedin.com/in/david-lopez-34567890,,Kaggle,Community Manager,13 Dec 1985
Joseph,Martinez,https://www.linkedin.com/in/joseph-martinez-45678901,,HackerRank,Technical Writer,25 Nov 1985
Daniel,Garcia,https://www.linkedin.com/in/daniel-garcia-56789012,,LeetCode,Software Engineer,07 Oct 1985
Henry,Anderson,https://www.linkedin.com/in/henry-anderson-67890123,,GitHub,Open Source Advocate,19 Sep 1985
Alexander,Robinson,https://www.linkedin.com/in/alexander-robinson-78901234,,Bitbucket,Software Engineer,01 Aug 1985
Lucas,Clark,https://www.linkedin.com/in/lucas-clark-89012345,,SourceForge,Project Manager,13 Jul 1985
Ryan,Lee,https://www.linkedin.com/in/ryan-lee-90123456,,GitLab,DevOps Engineer,26 Jun 1985
Elijah,Hall,https://www.linkedin.com/in/elijah-hall-01234567,,Asana,Product Manager,08 May 1985
James,King,https://www.linkedin.com/in/james-king-12345678,,Monday.com,Marketing Specialist,20 Apr 1985
Benjamin,Martinez,https://www.linkedin.com/in/benjamin-martinez-23456789,,Airtable,Data Analyst,02 Mar 1985
Lucas,Robinson,https://www.linkedin.com/in/lucas-robinson-34567890,,Notion,UX Designer,15 Feb 1985
Henry,Clark,https://www.linkedin.com/in/henry-clark-45678901,,Evernote,Software Engineer,28 Jan 1985
Mason,Lee,https://www.linkedin.com/in/mason-lee-56789012,,Todoist,Product Designer,10 Dec 1984
Logan,Walker,https://www.linkedin.com/in/logan-walker-67890123,,Slack,Sales Executive,22 Nov 1984
Dylan,Thompson,https://www.linkedin.com/in/dylan-thompson-78901234,,Zoom,Customer Success Manager,04 Oct 1984
Ryan,Garcia,https://www.linkedin.com/in/ryan-garcia-89012345,,Coursera,Learning Experience Designer,16 Sep 1984
Samuel,Martinez,https://www.linkedin.com/in/samuel-martinez-90123456,,Udacity,Data Scientist,29 Aug 1984
Gabriel,Hall,https://www.linkedin.com/in/gabriel-hall-01234567,,Kaggle,Community Manager,11 Jul 1984
Isaac,Anderson,https://www.linkedin.com/in/isaac-anderson-12345678,,HackerRank,Technical Writer,24 Jun 1984
Matthew,Wilson,https://www.linkedin.com/in/matthew-wilson-23456789,,LeetCode,Software Engineer,06 May 1984
David,Lopez,https://www.linkedin.com/in/david-lopez-34567890,,GitHub,Open Source Advocate,18 Apr 1984
Joseph,Martinez,https://www.linkedin.com/in/joseph-martinez-45678901,,Bitbucket,Software Engineer,01 Mar 1984
Daniel,Garcia,https://www.linkedin.com/in/daniel-garcia-56789012,,SourceForge,Project Manager,13 Feb 1984
Henry,Anderson,https://www.linkedin.com/in/henry-anderson-67890123,,GitLab,DevOps Engineer,27 Jan 1984
Alexander,Robinson,https://www.linkedin.com/in/alexander-robinson-78901234,,Asana,Product Manager,10 Dec 1983
Lucas,Clark,https://www.linkedin.com/in/lucas-clark-89012345,,Monday.com,Marketing Specialist,22 Nov 1983
Ryan,Lee,https://www.linkedin.com/in/ryan-lee-90123456,,Airtable,Data Analyst,04 Oct 1983
Elijah,Hall,https://www.linkedin.com/in/elijah-hall-01234567,,Notion,UX Designer,16 Sep 1983
James,King,https://www.linkedin.com/in/james-king-12345678,,Evernote,Software Engineer,29 Aug 1983
Benjamin,Martinez,https://www.linkedin.com/in/benjamin-martinez-23456789,,Todoist,Product Designer,11 Jul 1983
Lucas,Robinson,https://www.linkedin.com/in/lucas-robinson-34567890,,Slack,Sales Executive,23 Jun 1983
Henry,Clark,https://www.linkedin.com/in/henry-cl